,_id,位置,名称,均价
0,5b7f6dd5e7986a2e106aad9c,"[?梁溪?崇安?]?锡沪东路,近广和路",中洲崇安府,19500
1,5b7f6dd6e7986a2e106aad9d,"[?滨湖?蠡湖?]?金城西路,近金水路",蠡湖金茂府,31000
2,5b7f6dd6e7986a2e106aad9e,"[?锡山?鹅湖?]?甘虞路,近蘅芳路",中洲花溪樾,14000
3,5b7f6dd6e7986a2e106aad9f,"[?滨湖?太湖?]?贡湖大道,近塘铁桥路",中锐星公元,30000
4,5b7f6dd6e7986a2e106aada0,[?新吴?旺庄?]?长江南路，近新华路,正大万物城,13000
5,5b7f6dd6e7986a2e106aada1,[?新吴?新安?]?太科园具区路与净慧东道交汇处（大桥实...,远洋太湖宸章,
6,5b7f6dd6e7986a2e106aada2,[?梁溪?北塘?]?江海西路与会岸路交汇处,梁溪本源,16500
7,5b7f6dd6e7986a2e106aada3,[?新吴?新安?]?净慧东道，近和风路,启迪协信中心,12000
8,5b7f6dd6e7986a2e106aada4,[?梁溪?北塘?]?江海西路888号 （原金山北科技园会岸路...,无锡科技城(协信未来城),14000
9,5b7f6dd6e7986a2e106aada5,[?锡山?东亭?]?二泉东路，近团结中路,蓝光雍锦园,15500
10,5b7f6dd6e7986a2e106aada6,[?梁溪?北塘?]?盛岸路近钱皋路,小天鹅雍山府,
11,5b7f6dd6e7986a2e106aada7,"[?滨湖?马山?]?人民东路,近刘闾路",新力帝泊湾,120
12,5b7f6dd6e7986a2e106aada8,[?锡山?锡北?]?政丰路与泾声路交汇处（泉山文化公园对...,碧桂园金茂悦山,12000
13,5b7f6dd6e7986a2e106aada9,[?梁溪?崇安?]?锡沪路与通江大道交界处（乐都汇商圈的...,世茂璀璨时光,
14,5b7f6dd6e7986a2e106aadaa,"[?惠山?钱桥?]?上伟路,近香缇路",时代城,12000
15,5b7f6dd6e7986a2e106aadab,"[?惠山?堰桥?]?堰新路,近惠源路",龙湖天宸原著,16800
16,5b7f6dd6e7986a2e106aadac,"[?梁溪?北塘?]?广石西路,近凤宾路",万科北门塘上,23000
17,5b7f6dd6e7986a2e106aadad,"[?梁溪?崇安?]?江海路,近广益路",融侨悦府,28000
18,5b7f6dd6e7986a2e106aadae,[?惠山?堰桥?]?北环路，近新锡澄路,无锡阳光100阿尔勒,12000
19,5b7f6dd6e7986a2e106aadaf,[?新吴?梅村?]?金城路与梅东河交叉口西南侧,吴樾东方,16500
20,5b7f6dd6e7986a2e106aadb0,[?锡山?锡东?]?和祥路，近弘业东路,美的公园天下,20000
21,5b7f6dd6e7986a2e106aadb1,"[?新吴?江溪?]?金城东路,近春华路",无锡中海寰宇天下,16200
22,5b7f6dd6e7986a2e106aadb2,[?滨湖?马山?]?环山东路8号,弘阳三万顷,30000
23,5b7f6dd6e7986a2e106aadb3,"[?惠山?堰桥?]?天昌路,近凤鸣路",万科天一玖著,16500
24,5b7f6dd6e7986a2e106aadb4,[?惠山?堰桥?]?天一路,太平洋城中城,13000
25,5b7f6dd6e7986a2e106aadb5,[?锡山?东北塘?]?锦旺路1号,玫瑰香堤,12000
26,5b7f6dd6e7986a2e106aadb6,[?宜兴?宜城?]?阳羡东路与东鸫蟮澜换愦Γㄍ虼锒悦妫,恒基旭辉府,12500
27,5b7f6dd6e7986a2e106aadb7,[?滨湖?太湖?]?和风路与立信大道交叉口西北侧,绿城凤起和鸣,35000
28,5b7f6dd6e7986a2e106aadb8,[?梁溪?南长?]?运河西路与芦中路交汇处,富力运河十号,22400
29,5b7f6dd6e7986a2e106aadb9,[?梁溪?崇安?]?北中路与桐桥港路交叉口西南侧,保利融侨时光印象,19000
30,5b7f6dd6e7986a2e106aadba,[?惠山?洛社?]?洛南大道与钱洛路交汇处,融创银城惠山国际社区,
31,5b7f6dd6e7986a2e106aadbb,[?滨湖?太湖?]?吴都路与立信大道交汇处,宝能城,
32,5b7f6dd6e7986a2e106aadbc,"[?梁溪?南长?]?太湖大道,近通扬路",国美南长华府,19000
33,5b7f6dd6e7986a2e106aadbd,[?宜兴?宜城?]?宜兴市溪隐路100号（市体育中心北侧）,恒大溪隐府,20000
34,5b7f6dd6e7986a2e106aadbe,[?滨湖?太湖?]?南湖大道与塘铁桥路交汇处,恒大华府,26000
35,5b7f6dd6e7986a2e106aadbf,[?锡山?锡东?]?东翔路1509号,万业观山泓郡,14000
36,5b7f6dd6e7986a2e106aadc0,[?惠山?堰桥?]?惠山大道与天丰路交汇处,美的国宾府,18000
37,5b7f6dd6e7986a2e106aadc1,[?滨湖?马山?]?常乐路8号（十里明珠堤西侧）,十里明珠,30000
38,5b7f6dd6e7986a2e106aadc2,[?滨湖?河埒?]?湖滨路，近梁溪路,华润悦府,24000
39,5b7f6dd6e7986a2e106aadc3,[?滨湖?太湖?]?立信大道，近方庙路,海岸城郦园,20000
40,5b7f6dd6e7986a2e106aadc4,[?梁溪?北塘?]?县前西街与解放西路交叉口西北侧（原县...,绿地观澜湾,25000
41,5b7f6dd6e7986a2e106aadc5,"[?锡山?东亭?]?二泉东路,近纺达路",恒大御峰,24000
42,5b7f6dd6e7986a2e106aadc6,[?新吴?旺庄?]?长江南路与新华路交汇处,宝龙世家,
43,5b7f6dd6e7986a2e106aadc7,[?锡山?锡北?]?锡港公路，近花园滨路,锡北星邻里国际花园,8900
44,5b7f6dd6e7986a2e106aadc8,[?锡山?东北塘?]?承塘路，近春塘路,恒大御澜湾(阳光福邸),13500
45,5b7f6dd6e7986a2e106aadc9,[?滨湖?湖滨路?]?湖滨路701号,栖霞栖庭,18000
46,5b7f6dd6e7986a2e106aadca,"[?新吴?江溪?]?太湖大道,近春阳路",中邦欢乐颂,11000
47,5b7f6dd6e7986a2e106aadcb,[?锡山?东北塘?]?东亭路与芙蓉四路西南角,恒大观澜府,17000
48,5b7f6dd6e7986a2e106aadcc,[?宜兴?新庄?]?新庄小学西侧,保集蓝郡,13000
49,5b7f6dd6e7986a2e106aadcd,[?新吴?鸿山?]?至德大道797号,鸿坤理想湾,
50,5b7f6dd6e7986a2e106aadce,[?新吴?江溪?]?金城东路，近富巷路,富力城,15000
51,5b7f6dd6e7986a2e106aadcf,[?新吴?江溪?]?太湖大道658号,信运现代城,7500
52,5b7f6dd6e7986a2e106aadd0,[?惠山?钱桥?]?藕塘镇藕洛路61号,藕乐汇生活广场,30000
53,5b7f6dd6e7986a2e106aadd1,[?梁溪?北塘?]?中山路与解放北路交汇处（中山路618号...,茂业时代广场,15000
54,5b7f6dd6e7986a2e106aadd2,"[?滨湖?太湖?]?高浪西路,近立信大道",富力十号,27500
55,5b7f6dd6e7986a2e106aadd3,[?锡山?锡东?]?盛源北路近镇南路,金域香颂,13500
56,5b7f6dd6e7986a2e106aadd4,[?新吴?江溪?]?江溪路28号,金科米兰尔家公寓,14000
57,5b7f6dd6e7986a2e106aadd5,"[?梁溪?北塘?]?锡澄路,近江海路",无锡圆融广场,11000
58,5b7f6dd6e7986a2e106aadd6,"[?滨湖?马山?]?锡宜公路,近振胡路",香槟壹号,10500
59,5b7f6dd6e7986a2e106aadd7,"[?梁溪?北塘?]?吴桥西路,近通惠西路",无锡恒大悦珑湾(悦珑府),26500
60,5b7f6dd7e7986a2e106aadd8,[?梁溪?南长?]?清扬路138号,茂业天地观园,30000
61,5b7f6dd7e7986a2e106aadd9,[?梁溪?崇安?]?人民路与马巷路交叉口西南侧,光华时代广场,15000
62,5b7f6dd7e7986a2e106aadda,"[?锡山?东港?]?锡港路,近运河路",红豆首府二期,12000
63,5b7f6dd7e7986a2e106aaddb,[?滨湖?马山?]?十里明珠堤与霞光路交叉口,金轮湖晓兰庭,
64,5b7f6dd7e7986a2e106aaddc,[?新吴?旺庄?]?长江路13号（无锡千禧大酒店南侧）,彩虹城,25000
65,5b7f6dd7e7986a2e106aaddd,[?惠山?堰桥?]?锡澄路地铁1号线刘潭站南侧,万荟城,10000
66,5b7f6dd7e7986a2e106aadde,"[?梁溪?北塘?]?中山路,近凤翔路",锦熙府,18000
67,5b7f6dd7e7986a2e106aaddf,[?梁溪?南长?]?清名路，近墨文路,九龙仓时代上城,17500
68,5b7f6dd7e7986a2e106aade0,[?惠山?前洲?]?中惠大道，近唐洛路,实地玫瑰庄园,
69,5b7f6dd7e7986a2e106aade1,[?梁溪?南长?]?中南路8号（中南路与金城路交叉口东北...,金科世界城,
70,5b7f6dd7e7986a2e106aade2,[?新吴?江溪?]?长江北路与宏源路交汇处（欧尚超市斜对...,万科金域缇香,
71,5b7f6dd7e7986a2e106aade3,[?宜兴?周铁?]?分水街分百路8号,龙玺太湖湾,12000
72,5b7f6dd7e7986a2e106aade4,[?惠山?前洲?]?中兴路与唐平大道交汇处,前洲五洲国际广场,20000
73,5b7f6dd7e7986a2e106aade5,[?新吴?江溪?]?长江北路与南丰路交汇处,万科V+米寓,13000
74,5b7f6dd7e7986a2e106aade6,[?锡山?东亭?]?太湖大道，近东亭南路,无锡恒大绿洲,16500
75,5b7f6dd7e7986a2e106aade7,"[?新吴?新安?]?具区路,近菱湖大道",阿卡迪亚,550
76,5b7f6dd7e7986a2e106aade8,[?滨湖?太湖?]?立德路与吴都路交叉处,恒大财富中心,
77,5b7f6dd7e7986a2e106aade9,[?惠山?堰桥?]?锡澄路与欣惠路交叉东南侧,百好锦园,12500
78,5b7f6dd7e7986a2e106aadea,[?梁溪?北塘?]?钱皋路近惠钱路,小天鹅望山院墅,17000
79,5b7f6dd7e7986a2e106aadeb,[?锡山?鹅湖?]?月溪路108号（甘虞路与月溪路交汇处东...,昕湖坊,10000
80,5b7f6dd7e7986a2e106aadec,"[?滨湖?太湖?]?立信大道,近和风路",阳光100喜马拉雅,23000
81,5b7f6dd7e7986a2e106aaded,[?梁溪?崇安?]?人民中路111号,苏宁广场,18000
82,5b7f6dd7e7986a2e106aadee,[?惠山?堰桥?]?政和大道298号（区行政服务中心旁）,金都跃公馆,
83,5b7f6dd7e7986a2e106aadef,[?滨湖?太湖?]?吴都路与南湖大道交汇处西北侧,万科翡翠东方,
84,5b7f6dd7e7986a2e106aadf0,[?新吴?新安?]?秀景路与国信支路交汇处,万科观湖礼著,
85,5b7f6dd7e7986a2e106aadf1,"[?梁溪?崇安?]?江海路,近广益路",融侨悦府,28000
86,5b7f6dd7e7986a2e106aadf2,[?新吴?梅村?]?金城路与梅东河交叉口西南侧,吴樾东方,16500
87,5b7f6dd7e7986a2e106aadf3,[?锡山?锡东?]?和祥路，近弘业东路,美的公园天下,20000
88,5b7f6dd7e7986a2e106aadf4,"[?新吴?江溪?]?金城东路,近春华路",无锡中海寰宇天下,16200
89,5b7f6dd7e7986a2e106aadf5,[?滨湖?马山?]?环山东路8号,弘阳三万顷,30000
90,5b7f6dd8e7986a2e106aadf6,[?惠山?钱桥?]?藕塘镇藕洛路61号,藕乐汇生活广场,30000
91,5b7f6dd8e7986a2e106aadf7,[?新吴?硕放?]?太科园干城路6号（环太湖高速公路新安...,无锡中关村科技创新园,5500
92,5b7f6dd8e7986a2e106aadf8,[?新吴?新安?]?菱湖大道,积水裕沁湖畔庭,24000
93,5b7f6dd8e7986a2e106aadf9,[?梁溪?北塘?]?中山路与解放北路交汇处（中山路618号...,茂业时代广场,15000
94,5b7f6dd8e7986a2e106aadfa,[?新吴?江溪?]?塘南北路198号,诚寓,12900
95,5b7f6dd8e7986a2e106aadfb,[?新吴?鸿山?]?至贤路，近至德大道,凤鸣山庄,370
96,5b7f6dd8e7986a2e106aadfc,"[?滨湖?太湖?]?高浪西路,近立信大道",富力十号,27500
97,5b7f6dd8e7986a2e106aadfd,[?新吴?坊前?]?纺城大道299号,深港亚太中心,11000
98,5b7f6dd8e7986a2e106aadfe,[?锡山?锡东?]?盛源北路近镇南路,金域香颂,13500
99,5b7f6dd8e7986a2e106aadff,[?新吴?江溪?]?江溪路28号,金科米兰尔家公寓,14000
100,5b7f6dd8e7986a2e106aae00,"[?梁溪?北塘?]?锡澄路,近江海路",无锡圆融广场,11000
101,5b7f6dd8e7986a2e106aae01,"[?滨湖?马山?]?锡宜公路,近振胡路",香槟壹号,10500
102,5b7f6dd8e7986a2e106aae02,[?锡山?安镇?]?锡东大道,华夏东城一品,14000
103,5b7f6dd8e7986a2e106aae03,"[?锡山?东亭?]?锡沪路,近柏庄路",红豆天一华府,23000
104,5b7f6dd8e7986a2e106aae04,"[?梁溪?北塘?]?吴桥西路,近通惠西路",无锡恒大悦珑湾(悦珑府),26500
105,5b7f6dd8e7986a2e106aae05,"[?锡山?锡东?]?和祥路,近弘业路",百和国际花园,20000
106,5b7f6dd8e7986a2e106aae06,[?梁溪?南长?]?太湖大道68号,世贸公馆,17000
107,5b7f6dd8e7986a2e106aae07,[?梁溪?南长?]?羊腰湾路与向阳路交叉口东,彩D香江,
108,5b7f6dd8e7986a2e106aae08,[?梁溪?南长?]?清扬路138号,茂业天地观园,30000
109,5b7f6dd8e7986a2e106aae09,[?梁溪?崇安?]?人民路与马巷路交叉口西南侧,光华时代广场,15000
110,5b7f6dd8e7986a2e106aae0a,"[?锡山?东港?]?锡港路,近运河路",红豆首府二期,12000
111,5b7f6dd8e7986a2e106aae0b,[?新吴?坊前?]?纺城大道299号,深港宝阁丽,350
112,5b7f6dd8e7986a2e106aae0c,[?锡山?锡东?]?联福路东、厚丰路南,宛溪雅居,14000
113,5b7f6dd8e7986a2e106aae0d,[?滨湖?马山?]?十里明珠堤与霞光路交叉口,金轮湖晓兰庭,
114,5b7f6dd8e7986a2e106aae0e,[?梁溪?北塘?]?中山路与凤源路交汇处（靠近三院）,华仁凤凰城798街区,45000
115,5b7f6dd8e7986a2e106aae0f,[?新吴?旺庄?]?长江路13号（无锡千禧大酒店南侧）,彩虹城,25000
116,5b7f6dd8e7986a2e106aae10,[?惠山?玉祁?]?唐平路与湖西路交汇处,宝龙香槟湖,9800
117,5b7f6dd8e7986a2e106aae11,[?惠山?钱桥?]?盛岸西路333号,百乐和园,17000
118,5b7f6dd8e7986a2e106aae12,[?惠山?堰桥?]?锡澄路地铁1号线刘潭站南侧,万荟城,10000
119,5b7f6dd8e7986a2e106aae13,"[?梁溪?北塘?]?中山路,近凤翔路",锦熙府,18000
120,5b7f6dd8e7986a2e106aae14,[?滨湖?蠡湖?]?金城西路与蠡湖大道交汇处,金科蠡湖,
121,5b7f6dd8e7986a2e106aae15,[?梁溪?南长?]?通扬南路，近新光路,九龙仓碧玺,18500
122,5b7f6dd8e7986a2e106aae16,[?锡山?鹅湖?]?景园路，近新园路,ΜΟΜΛ春风湖上,14000
123,5b7f6dd8e7986a2e106aae17,[?新吴?硕放?]?太科园干城路6号（环太湖高速公路新安...,无锡中关村科技创新园,5500
124,5b7f6dd8e7986a2e106aae18,[?新吴?新安?]?菱湖大道,积水裕沁湖畔庭,24000
125,5b7f6dd8e7986a2e106aae19,[?新吴?江溪?]?塘南北路198号,诚寓,12900
126,5b7f6dd8e7986a2e106aae1a,[?新吴?鸿山?]?至贤路，近至德大道,凤鸣山庄,370
127,5b7f6dd8e7986a2e106aae1b,[?新吴?坊前?]?纺城大道299号,深港亚太中心,11000
128,5b7f6dd8e7986a2e106aae1c,[?锡山?安镇?]?锡东大道,华夏东城一品,14000
129,5b7f6dd8e7986a2e106aae1d,"[?锡山?东亭?]?锡沪路,近柏庄路",红豆天一华府,23000
130,5b7f6dd8e7986a2e106aae1e,"[?锡山?锡东?]?和祥路,近弘业路",百和国际花园,20000
131,5b7f6dd8e7986a2e106aae1f,[?梁溪?南长?]?太湖大道68号,世贸公馆,17000
132,5b7f6dd8e7986a2e106aae20,[?梁溪?南长?]?羊腰湾路与向阳路交叉口东,彩D香江,
133,5b7f6dd8e7986a2e106aae21,[?新吴?坊前?]?纺城大道299号,深港宝阁丽,350
134,5b7f6dd8e7986a2e106aae22,[?锡山?锡东?]?联福路东、厚丰路南,宛溪雅居,14000
135,5b7f6dd8e7986a2e106aae23,[?梁溪?北塘?]?中山路与凤源路交汇处（靠近三院）,华仁凤凰城798街区,45000
136,5b7f6dd8e7986a2e106aae24,[?惠山?玉祁?]?唐平路与湖西路交汇处,宝龙香槟湖,9800
137,5b7f6dd8e7986a2e106aae25,[?惠山?钱桥?]?盛岸西路333号,百乐和园,17000
138,5b7f6dd8e7986a2e106aae26,"[?新吴?鸿山?]?至德大道,近三让路",融创枫丹御园,
139,5b7f6dd8e7986a2e106aae27,[?梁溪?南长?]?清扬路313号,东宝康园,16000
140,5b7f6dd8e7986a2e106aae28,[?惠山?堰桥?]?惠山大道与天一路交汇处,太平洋城中城天一公馆,
141,5b7f6dd8e7986a2e106aae29,[?滨湖?太湖?]?和风路和贡湖大道交汇处,中海凤凰熙岸,14500
142,5b7f6dd8e7986a2e106aae2a,[?梁溪?北塘?]?凤宾路民丰路交汇处（民丰路275号）,盛唐乐享城,28000
143,5b7f6dd8e7986a2e106aae2b,[?新吴?江溪?]?春华路8号,国信世家璞园,
144,5b7f6dd8e7986a2e106aae2c,[?锡山?锡东?]?锡沪路,无锡恒大城,18500
145,5b7f6dd8e7986a2e106aae2d,"[?锡山?东亭?]?团结中路,近春江路",嘉福公寓,8500
146,5b7f6dd8e7986a2e106aae2e,[?宜兴?高塍镇?]?远东大道与科技大道交汇处向西500米（...,恒大香邑,
147,5b7f6dd8e7986a2e106aae2f,[?新吴?新安?]?净慧西道与具区路交叉口,龙湖星悦荟,9000
148,5b7f6dd8e7986a2e106aae30,[?新吴?新安?]?新吴区滟澜山艺墅580号,富屹新城国际,12000
149,5b7f6dd8e7986a2e106aae31,[?惠山?洛社?]?洛南大道与永辉路交汇处,碧桂园南光城,
150,5b7f6dd9e7986a2e106aae32,"[?新吴?梅村?]?新锦路,近锡贤路",上品花园,
151,5b7f6dd9e7986a2e106aae33,[?滨湖?太湖?]?五湖大道与高浪路交叉口西北侧,万科新酩悦,
152,5b7f6dd9e7986a2e106aae34,"[?惠山?堰桥?]?锡澄路,近堰新路",堰湾长堤,10500
153,5b7f6dd9e7986a2e106aae35,[?惠山?玉祁?]?曙光路近平湖路,龙泽半岛逸湾,7500
154,5b7f6dd9e7986a2e106aae36,[?宜兴?宜城?]?宜兴中学东侧500米,山水鸪,568
155,5b7f6dd9e7986a2e106aae37,[?锡山?安镇?]?鑫安路，近胶阳路,华夏世纪锦园,10700
156,5b7f6dd9e7986a2e106aae38,[?新吴?坊前?]?纺城大道289号（新兴路以北）,南方不锈钢国际交易中心,12000
157,5b7f6dd9e7986a2e106aae39,"[?滨湖?太湖?]?蠡湖大道,近高浪路",博大假日广场欢乐颂,19500
158,5b7f6dd9e7986a2e106aae3a,[?宜兴?张渚?]?渚钢路近桃溪路,福地桃溪,6500
159,5b7f6dd9e7986a2e106aae3b,[?滨湖?马山?]?渔港路111号,太湖锦园,3600
160,5b7f6dd9e7986a2e106aae3c,"[?惠山?堰桥?]?石澄路,近天一路",明发国际新城,12000
161,5b7f6dd9e7986a2e106aae3d,[?惠山?阳山?]?胜利路,盛世兰亭苑,380
162,5b7f6dd9e7986a2e106aae3e,[?惠山?堰桥?]?惠山大道108号（明发商业广场北面300m...,国慧商务广场,7500
163,5b7f6dd9e7986a2e106aae3f,"[?新吴?江溪?]?行创四路,近新光路",华盛苑,
164,5b7f6dd9e7986a2e106aae40,[?滨湖?蠡湖?]?中南西路与湖滨路交汇处东南侧（无锡市...,印象湖滨路劲,
165,5b7f6dd9e7986a2e106aae41,[?滨湖?太湖?]?大通路与立信大道的交汇处（周新苑对面...,太湖嘉汇广场,
166,5b7f6dd9e7986a2e106aae42,[?梁溪?崇安?]?广益路299号,金盛华彩荟,
167,5b7f6dd9e7986a2e106aae43,[?宜兴?宜城?]?绿园路近杏园村,彩虹未来城,
168,5b7f6dd9e7986a2e106aae44,[?宜兴?湖??]?阳羡生态旅游区玉女潭景区对面,中交阳羡美庐,120
169,5b7f6dd9e7986a2e106aae45,[?宜兴?宜城?]?东鸫蟮烙胍似致方徊婵谙蚨300米,万科九如城,
170,5b7f6dd9e7986a2e106aae46,[?新吴?硕放?]?通祥路，近新宅路,吉祥国际花园,10000
171,5b7f6dd9e7986a2e106aae47,[?梁溪?南长?]?运河东路555号,时代国际,13000
172,5b7f6dd9e7986a2e106aae48,[?惠山?堰桥?]?惠山大道北环路888号,明发商业广场,
173,5b7f6dd9e7986a2e106aae49,[?滨湖?太湖?]?绣溪道55号（江南大学旁）,长广溪旭天科技谷,9000
174,5b7f6dd9e7986a2e106aae4a,[?锡山?鹅湖?]?蘅芳路1号,水岸名府,15500
175,5b7f6dd9e7986a2e106aae4b,[?惠山?堰桥?]?西漳天一新街（水澄路与广石路交汇处）,阳光100汀枫渡,25000
176,5b7f6dd9e7986a2e106aae4c,[?宜兴?丁蜀?]?西施路185号,鸿威东方雅园,8000
177,5b7f6dd9e7986a2e106aae4d,[?惠山?前洲?]?崇文路北，西新路南（前洲中心小学西）,御景珑庭,350
178,5b7f6dd9e7986a2e106aae4e,[?滨湖?马山?]?环山东路6号,无锡半山一号,1600
179,5b7f6dd9e7986a2e106aae4f,[?宜兴?宜城?]?荆邑路向南到底龙背山中（无锡工艺职业...,九龙依云,1000
180,5b7f6ddae7986a2e106aae50,[?新吴?江溪?]?长江北路106号(长江北路东侧、金城东路...,麦库MYCO,12000
181,5b7f6ddae7986a2e106aae51,[?梁溪?南长?]?永乐路，近清扬路,家乐府,15200
182,5b7f6ddae7986a2e106aae52,[?宜兴?宜城?]?鹉下芬嗽岸悦嫖鞑300米郁金香庄园售...,荷兰岛郁金香庄园,600
183,5b7f6ddae7986a2e106aae53,[?梁溪?北塘?]?凤宾路100号总部商务园（凤宾路与江海...,联东U谷,12000
184,5b7f6ddae7986a2e106aae54,[?惠山?堰桥?]?吴韵路589号,中威国际公寓,6500
185,5b7f6ddae7986a2e106aae55,[?滨湖?太湖?]?高浪路，近金石路,吉宝澜岸铭邸,23500
186,5b7f6ddae7986a2e106aae56,[?新吴?旺庄?]?新区旺庄东路(旺庄东路与春华路交汇处...,恒盛第一国际四期颐园,
187,5b7f6ddae7986a2e106aae57,[?滨湖?太湖?]?南湖大道，近高浪路,观山名筑,15420
188,5b7f6ddae7986a2e106aae58,[?滨湖?河埒?]?太湖大道与青祁路交叉口北侧（新体育中...,润华国际大厦,20000
189,5b7f6ddae7986a2e106aae59,[?宜兴?官林镇?]?凌霞村宜金公路北侧，官林汽车站对面,香颂世家,8500
190,5b7f6ddae7986a2e106aae5a,[?滨湖?马山?]?峰影路，近梅梁路,阿维侬庄园,16000
191,5b7f6ddae7986a2e106aae5b,[?滨湖?马山?]?梅梁路，近峰影路,圣园,17000
192,5b7f6ddae7986a2e106aae5c,[?惠山?玉祁?]?民主路东、振祁路西（北至现状河道、南...,龙世西湖湾庄园,8000
193,5b7f6ddae7986a2e106aae5d,[?滨湖?马山?]?环太湖公路与渔港路交叉口东南侧,太湖瑞仕花园,
194,5b7f6ddae7986a2e106aae5e,[?新吴?鸿山?]?鸿山路近鸿达路,吴月雅境,400
195,5b7f6ddae7986a2e106aae5f,[?宜兴?和桥?]?国土资源局西300米,翰林苑,
196,5b7f6ddae7986a2e106aae60,[?滨湖?河埒?]?梁溪路，近孙蒋路,中城誉品,18500
197,5b7f6ddae7986a2e106aae61,[?新吴?旺庄?]?天山路8号（旺庄路与长江路交汇口东南...,茂业长江一号,
198,5b7f6ddae7986a2e106aae62,"[?锡山?东亭?]?友谊路,近锡沪路",苏南龙湖九墅天玺,
199,5b7f6ddae7986a2e106aae63,[?惠山?堰桥?]?林新路2号,星富广场,
200,5b7f6ddae7986a2e106aae64,[?惠山?钱桥?]?盛岸西路668号,五洲国际小商品城,25000
201,5b7f6ddae7986a2e106aae65,[?新吴?江溪?]?金城东路与前卫路交叉口西侧（雷迪森广...,利华广场,
202,5b7f6ddae7986a2e106aae66,[?新吴?旺庄?]?湘江路以东、旺庄路以南、天山路以北（...,嘉汇嘉园,
203,5b7f6ddae7986a2e106aae67,[?惠山?堰桥?]?锡澄路与文惠路交汇处（惠山新城）,时代广场二期,
204,5b7f6ddae7986a2e106aae68,[?新吴?硕放?]?南星路，近通祥路,香梅香墅,15000
205,5b7f6ddae7986a2e106aae69,[?梁溪?南长?]?清扬路145号,恒威中央领地,16000
206,5b7f6ddae7986a2e106aae6a,[?锡山?锡北?]?秀泉路近泉山路,鸿景雅园,12000
207,5b7f6ddae7986a2e106aae6b,[?新吴?梅村?]?新锦路与锡义路交叉口东南侧,涌金诚商业中心,
208,5b7f6ddae7986a2e106aae6c,"[?宜兴?宜城?]?枫隐路,近东鸫蟮",东鹨缓,12000
209,5b7f6ddae7986a2e106aae6d,"[?宜兴?宜城?]?龙潭东路,近沧浦路",融创鹪,16000
210,5b7f6ddae7986a2e106aae6e,"[?滨湖?太湖?]?蠡湖大道,近高浪路",博大假日广场欢乐颂,19500
211,5b7f6ddae7986a2e106aae6f,[?宜兴?张渚?]?渚钢路近桃溪路,福地桃溪,6500
212,5b7f6ddae7986a2e106aae70,"[?惠山?堰桥?]?石澄路,近天一路",明发国际新城,12000
213,5b7f6ddae7986a2e106aae71,[?惠山?阳山?]?胜利路,盛世兰亭苑,380
214,5b7f6ddae7986a2e106aae72,[?惠山?堰桥?]?惠山大道108号（明发商业广场北面300m...,国慧商务广场,7500
215,5b7f6ddae7986a2e106aae73,"[?新吴?江溪?]?行创四路,近新光路",华盛苑,
216,5b7f6ddae7986a2e106aae74,[?滨湖?蠡湖?]?中南西路与湖滨路交汇处东南侧（无锡市...,印象湖滨路劲,
217,5b7f6ddae7986a2e106aae75,[?滨湖?太湖?]?大通路与立信大道的交汇处（周新苑对面...,太湖嘉汇广场,
218,5b7f6ddae7986a2e106aae76,[?宜兴?宜城?]?绿园路近杏园村,彩虹未来城,
219,5b7f6ddae7986a2e106aae77,[?宜兴?湖??]?阳羡生态旅游区玉女潭景区对面,中交阳羡美庐,120
220,5b7f6ddae7986a2e106aae78,[?梁溪?南长?]?运河东路555号,时代国际,13000
221,5b7f6ddae7986a2e106aae79,[?锡山?鹅湖?]?蘅芳路1号,水岸名府,15500
222,5b7f6ddae7986a2e106aae7a,[?惠山?前洲?]?崇文路北，西新路南（前洲中心小学西）,御景珑庭,350
223,5b7f6ddae7986a2e106aae7b,[?滨湖?马山?]?环山东路6号,无锡半山一号,1600
224,5b7f6ddae7986a2e106aae7c,[?宜兴?宜城?]?鹉下芬嗽岸悦嫖鞑300米郁金香庄园售...,荷兰岛郁金香庄园,600
225,5b7f6ddae7986a2e106aae7d,[?惠山?堰桥?]?吴韵路589号,中威国际公寓,6500
226,5b7f6ddae7986a2e106aae7e,[?惠山?洛社?]?洛城大道117号,惠都上府名园,13500
227,5b7f6ddae7986a2e106aae7f,[?宜兴?宜城?]?庆源大道与东鸫蟮澜换愦ν东300米,恒大B睿府,15000
228,5b7f6ddae7986a2e106aae80,[?新吴?坊前?]?坊和路9号（纺城大道坊和路交汇处，南...,寰宇中心,
229,5b7f6ddae7986a2e106aae81,"[?惠山?玉祁?]?湖西路,近锡玉路",玉麒会,
230,5b7f6ddae7986a2e106aae82,[?宜兴?高塍镇?]?中心路166号,海逸北欧假日,6800
231,5b7f6ddae7986a2e106aae83,[?新吴?鸿山?]?欣鸿路，近鸿昌路,鸿景中央府,12800
232,5b7f6ddae7986a2e106aae84,[?惠山?前洲?]?从商路与中惠路交叉口东北侧,无锡奥凯城市广场,20000
233,5b7f6ddae7986a2e106aae85,[?滨湖?湖滨路?]?湖滨路809号,天安曼哈顿,
234,5b7f6ddae7986a2e106aae86,[?滨湖?太湖?]?太湖大道1886号（隐秀路口）,上海中心城开国际,
235,5b7f6ddae7986a2e106aae87,[?宜兴?丁蜀镇?]?陶都路东侧山前路北侧,永佳金龙名都,
236,5b7f6ddae7986a2e106aae88,[?惠山?堰桥?]?惠源路与堰新路交汇处,百大春城商铺,13000
237,5b7f6ddae7986a2e106aae89,[?惠山?钱桥?]?盛岸西路与锡宜路交叉口东南侧,万健商业广场,
238,5b7f6ddae7986a2e106aae8a,[?宜兴?宜城?]?绿园路与兴业路交汇处,宜兴中梁首府壹号,
239,5b7f6ddae7986a2e106aae8b,[?滨湖?河埒?]?住友路近湖滨路,中建溪岸观邸,21000
240,5b7f6ddbe7986a2e106aae8c,[?惠山?洛社?]?新钱路,洛城紫园,11000
241,5b7f6ddbe7986a2e106aae8d,[?新吴?江溪?]?江溪路28号（新城中央公园对面）,金科米兰商铺,19000
242,5b7f6ddbe7986a2e106aae8e,[?宜兴?宜城?]?太湖大道、学府东路交叉处（新省宜中东...,优湖美地花园,12500
243,5b7f6ddbe7986a2e106aae8f,[?锡山?东港?]?健康路和香山路交汇处,港下红豆万花城,300
244,5b7f6ddbe7986a2e106aae90,[?滨湖?太湖?]?立信大道与和畅路（原方庙路）交汇处,海岸城八方汇,30000
245,5b7f6ddbe7986a2e106aae91,[?锡山?东亭?]?华夏中路3号,华夏文华国际,13000
246,5b7f6ddbe7986a2e106aae92,[?滨湖?河埒?]?青祁路与建筑路交汇处（新梁溪人家对面...,香槟街铂悦府,21000
247,5b7f6ddbe7986a2e106aae93,[?梁溪?崇安?]?解放北路20号,保利达江湾城,18000
248,5b7f6ddbe7986a2e106aae94,[?滨湖?河埒?]?运河西路西侧(航运大厦南侧),嘉德港与城,
249,5b7f6ddbe7986a2e106aae95,[?锡山?锡北?]?锡沙路与振新路交叉口东南侧,天富广场,10000
250,5b7f6ddbe7986a2e106aae96,[?宜兴?宜城?]?龙池路近鸨醮蟮,金水名都,12500
251,5b7f6ddbe7986a2e106aae97,[?惠山?堰桥?]?春惠路198号,长安哥伦布广场,40000
252,5b7f6ddbe7986a2e106aae98,[?宜兴?高塍镇?]?新城大道和振兴路交汇处,尚水名筑,7500
253,5b7f6ddbe7986a2e106aae99,[?锡山?东亭?]?东亭中路20号（东亭路与二泉路交叉口）,晶石国际中心,10000
254,5b7f6ddbe7986a2e106aae9a,[?宜兴?宜城?]?东鹉习叮ㄅ练鹇姿咕频晖南200米）,岭秀首府,
255,5b7f6ddbe7986a2e106aae9b,"[?锡山?锡东?]?新华路,近兴吴路",世贸中心酒店,
256,5b7f6ddbe7986a2e106aae9c,[?锡山?锡东?]?高铁站商务区丹山路东、延庆街南,天宇商务大厦,
257,5b7f6ddbe7986a2e106aae9d,[?滨湖?太湖?]?新城主干道和风路和立德道的交叉路口,无锡商会大厦,10000
258,5b7f6ddbe7986a2e106aae9e,[?宜兴?丁蜀?]?通蜀东路和双桥路交汇（原韩国城）,恒天紫金城,11000
259,5b7f6ddbe7986a2e106aae9f,[?锡山?东北塘?]?东亭北路与芙蓉六路交汇处,枫林晚,
260,5b7f6ddbe7986a2e106aaea0,[?锡山?八士?]?友谊北路与锡港路交界处,翠竹芙蓉山庄,
261,5b7f6ddbe7986a2e106aaea1,[?锡山?锡东?]?和祥路210号（新华路与和祥路交汇处）,无锡明园商务大厦,10000
262,5b7f6ddbe7986a2e106aaea2,[?新吴?鸿山?]?德育路201号(锦鸿路与德育路交汇处),明园星都,
263,5b7f6ddbe7986a2e106aaea3,[?梁溪?南长?]?建筑路400号（大统华超市旁）,无锡保华旺苑,
264,5b7f6ddbe7986a2e106aaea4,[?滨湖?太湖?]?太湖大道隐秀路1888号（太湖大道与隐秀...,上海中心城开国际写字楼,17000
265,5b7f6ddbe7986a2e106aaea5,[?滨湖?太湖?]?立信大道与金融六街交汇处东南侧,银华金融大厦,
266,5b7f6ddbe7986a2e106aaea6,[?新吴?旺庄?]?行创四路与锡新一路交叉口西100米（松...,星洲科技商务园,7800
267,5b7f6ddbe7986a2e106aaea7,[?宜兴?丁蜀?]?陶都路与川埠路交叉口西北角 紫砂村对...,陶里文化商业街,
268,5b7f6ddbe7986a2e106aaea8,[?锡山?东亭?]?春晖路35号（团结路春晖路交叉口往东8...,华荣春晖科技园,
269,5b7f6ddbe7986a2e106aaea9,[?锡山?东北塘?]?芙蓉六路8号,IN立方创新空间,
270,5b7f6ddce7986a2e106aaeaa,[?惠山?玉祁?]?锡玉路与湖西路的交汇口,塞纳公馆,
271,5b7f6ddce7986a2e106aaeab,[?滨湖?河埒?]?运河西路西侧(航运大厦南侧),嘉德港与城,
272,5b7f6ddce7986a2e106aaeac,[?锡山?锡北?]?秀泉路近泉星路,锡北泉山中心商业广场,50
273,5b7f6ddce7986a2e106aaead,[?锡山?锡北?]?锡沙路与振新路交叉口东南侧,天富广场,10000
274,5b7f6ddce7986a2e106aaeae,[?宜兴?宜城?]?龙池路近鸨醮蟮,金水名都,12500
275,5b7f6ddce7986a2e106aaeaf,[?惠山?堰桥?]?春惠路198号,长安哥伦布广场,40000
276,5b7f6ddce7986a2e106aaeb0,[?宜兴?高塍镇?]?新城大道和振兴路交汇处,尚水名筑,7500
277,5b7f6ddce7986a2e106aaeb1,[?新吴?鸿山?]?锦鸿路以北、飞凤路以西、经十二路以东,奥体紫兰园,
278,5b7f6ddce7986a2e106aaeb2,[?新吴?坊前?]?金城东路333号（五洲国际工业博览城东...,中国工业博览园工业设计中心,7000
279,5b7f6ddce7986a2e106aaeb3,[?锡山?东亭?]?东亭中路20号（东亭路与二泉路交叉口）,晶石国际中心,10000
280,5b7f6ddce7986a2e106aaeb4,[?梁溪?北塘?]?梁溪区新惠路惠东路交叉口东南角,绿地西水晶舍,
281,5b7f6ddce7986a2e106aaeb5,[?宜兴?宜城?]?东鹉习叮ㄅ练鹇姿咕频晖南200米）,岭秀首府,
282,5b7f6ddce7986a2e106aaeb6,[?滨湖?河埒?]?建筑西路99号（宝通大厦附近）,节能环保大厦,
283,5b7f6ddce7986a2e106aaeb7,"[?锡山?锡东?]?新华路,近兴吴路",世贸中心酒店,
284,5b7f6ddce7986a2e106aaeb8,[?锡山?锡东?]?高铁站商务区丹山路东、延庆街南,天宇商务大厦,
285,5b7f6ddce7986a2e106aaeb9,[?滨湖?河埒?]?梁溪路与青祁路交叉口东南侧,康桥府,
286,5b7f6ddce7986a2e106aaeba,[?宜兴?高塍?]?远东大道66号,中国宜兴国际环保城,
287,5b7f6ddce7986a2e106aaebb,[?滨湖?太湖?]?新城主干道和风路和立德道的交叉路口,无锡商会大厦,10000
288,5b7f6ddce7986a2e106aaebc,[?宜兴?丁蜀?]?通蜀东路和双桥路交汇（原韩国城）,恒天紫金城,11000
289,5b7f6ddce7986a2e106aaebd,[?惠山?洛社?]?盛岸西路591号,港龙财智国际,
290,5b7f6ddce7986a2e106aaebe,[?宜兴?宜城?]?宜兴市太湖大道与新源路交汇处,碧桂园湖悦天境,11500
291,5b7f6ddce7986a2e106aaebf,[?新吴?新安?]?菱湖大道和清源路交汇处西南侧,中广拾f方,
292,5b7f6ddce7986a2e106aaec0,[?滨湖?太湖?]?高浪路与菱湖大道交叉路口,天安智慧城,6800
293,5b7f6ddce7986a2e106aaec1,[?新吴?梅村?]?新华路与梅里中路交界,梅里古都,
294,5b7f6ddce7986a2e106aaec2,[?锡山?锡北?]?锡北镇S228与西新路交汇处,无锡欢乐海洋世界,
295,5b7f6ddce7986a2e106aaec3,[?惠山?钱桥?]?文良路50号,青春假日风情时尚街区,36000
296,5b7f6ddce7986a2e106aaec4,[?锡山?锡东?]?团结大道与春晖路交界口,索立得科技社区,7000
297,5b7f6ddce7986a2e106aaec5,[?梁溪?北塘?]?民丰路200号,锋尚文创中心,8900
298,5b7f6ddce7986a2e106aaec6,[?新吴?旺庄?]?高浪东路19号（高浪路与锡士路交汇处，...,第一上海广场,12000
299,5b7f6ddce7986a2e106aaec7,[?新吴?新安?]?具区路与净慧东路东北侧,无锡北邮国昊物联生态园,7500
300,5b7f6ddce7986a2e106aaec8,[?新吴?新安?]?菱湖大道和清源路交汇处西南侧,中广拾f方,
301,5b7f6ddce7986a2e106aaec9,[?滨湖?太湖?]?高浪路与菱湖大道交叉路口,天安智慧城,6800
302,5b7f6ddce7986a2e106aaeca,[?新吴?梅村?]?新华路与梅里中路交界,梅里古都,
303,5b7f6ddce7986a2e106aaecb,[?锡山?锡北?]?锡北镇S228与西新路交汇处,无锡欢乐海洋世界,
304,5b7f6ddce7986a2e106aaecc,[?惠山?钱桥?]?文良路50号,青春假日风情时尚街区,36000
305,5b7f6ddce7986a2e106aaecd,[?惠山?钱桥?]?上伟路与钱洛路交汇处,西溪悠然街,30000
306,5b7f6ddce7986a2e106aaece,[?锡山?锡东?]?高铁商务区广诚路东、延庆街南,华夏大厦,
307,5b7f6ddce7986a2e106aaecf,[?锡山?锡东?]?丹山路西、东翔路北,红豆东方财富广场,
308,5b7f6ddce7986a2e106aaed0,[?梁溪?南长?]?南长街与塘泾路交叉口（水仙道院南侧）,蓝城无锡江南里,
309,5b7f6ddce7986a2e106aaed1,[?宜兴?芳桥?]?芳溪路,宜兴碧桂园,11000
310,5b7f6ddce7986a2e106aaed2,[?新吴?新安?]?菱湖大道180-8号（菱湖大道和风路交叉...,锡通科技大厦,
311,5b7f6ddce7986a2e106aaed3,[?锡山?锡东?]?高铁站商务区翠山路东、兴吴路北,无锡世奥广场地块,
312,5b7f6ddce7986a2e106aaed4,[?新吴?梅村?]?梅西路与泰伯大道交叉口西北侧,路劲梅村脱普地块,
313,5b7f6ddce7986a2e106aaed5,[?锡山?东港?]?东港路北、金星路东,华夏东港镇项目,
314,5b7f6ddce7986a2e106aaed6,[?新吴?新安?]?太湖国际科技园（华新北路与净慧东道交...,恒基创意生活城项目,
315,5b7f6ddce7986a2e106aaed7,[?新吴?硕放?]?薛典路东侧，经一路西侧,中凯润投资硕放项目,
316,5b7f6ddce7986a2e106aaed8,[?新吴?硕放?]?薛典路东侧、经一路西侧,中锦城硕放项目,
317,5b7f6ddce7986a2e106aaed9,[?滨湖?太湖?]?立信大道与和风路交汇处东北角,紫光置业立信大道项目,
318,5b7f6ddce7986a2e106aaeda,[?惠山?洛社?]?洛城大道与雅中路交叉口东北侧,国瑞洛社新城15号地块,
319,5b7f6ddce7986a2e106aaedb,[?锡山?东亭?]?东亭路与春新路交叉口西北侧,光明长椿金属地块,
320,5b7f6ddce7986a2e106aaedc,[?滨湖?蠡湖?]?经贸路与隐秀路交叉口西北侧,蠡湖花都隐秀路项目,
321,5b7f6ddce7986a2e106aaedd,[?滨湖?太湖?]?具区路与贡湖大道交叉口西北侧,中瑞一号项目,
322,5b7f6ddce7986a2e106aaede,[?滨湖?太湖?]?立信大道与和风路交叉口东北侧,北国投资立信大道项目,
323,5b7f6ddce7986a2e106aaedf,[?滨湖?马山?]?渔港路与观湖路交叉口西南侧,首开永泰渔港路地块,
324,5b7f6ddce7986a2e106aaee0,[?锡山?东港?]?联群路东、东港大道北,美的市民公园北地块,
325,5b7f6ddce7986a2e106aaee1,[?滨湖?河埒?]?梁溪路与蠡溪路交叉口西北侧,雅居乐紫金伴山南地块,
326,5b7f6ddce7986a2e106aaee2,[?梁溪?南长?]?清扬路东侧，现状通扬路以西，南、北两...,星海南扬华庭项目,
327,5b7f6ddce7986a2e106aaee3,[?梁溪?崇安?]?锡沪西路与北新河交汇处,火车站北广场综合体地块,
328,5b7f6ddce7986a2e106aaee4,[?梁溪?崇安?]?新生路与人民中路交汇处（苏宁电器旁）,小娄巷历史街区项目,
329,5b7f6ddce7986a2e106aaee5,[?惠山?钱桥?]?锡宜高速入口东侧、蚕种公司北侧,城西惠山区项目,
330,5b7f6ddde7986a2e106aaee6,[?梁溪?崇安?]?新生路与人民中路交汇处,东岭地产崇安项目,
331,5b7f6ddde7986a2e106aaee7,[?惠山?堰桥?]?沪宁高铁惠山站区万花路与中惠路交叉口...,国际金融中心项目,
332,5b7f6ddde7986a2e106aaee8,[?梁溪?南长?]?清扬路南长建设局大楼南侧,江苏五星实业南长区项目,
333,5b7f6ddde7986a2e106aaee9,[?滨湖?蠡湖?]?蠡湖大道东侧，金石路北侧 ，万顺路西...,太湖新城蠡湖大道项目,
334,5b7f6ddde7986a2e106aaeea,[?滨湖?太湖?]?丰润道与震泽路交汇处东北侧,国联房地产太湖新城项目,
335,5b7f6ddde7986a2e106aaeeb,[?惠山?堰桥?]?惠源路东侧、亿仁医院北侧,龙湖亿仁医院北地块,
336,5b7f6ddde7986a2e106aaeec,[?新吴?江溪?]?机场路以东、江溪路以南、锡士路以西、...,吉宝富力城南地块,
337,5b7f6ddde7986a2e106aaeed,[?滨湖?河埒?]?钱荣路与梅茶路交叉口西北侧,滨湖区荣巷街道项目,
338,5b7f6ddde7986a2e106aaeee,[?新吴?新安?]?宁乐路与清晏路交叉口西北侧,招商宁乐路地块,
339,5b7f6ddde7986a2e106aaeef,[?新吴?硕放?]?机场路南侧、硕梅路西侧、硕果路北侧,硕放房产新区项目,
340,5b7f6ddde7986a2e106aaef0,[?惠山?钱桥?]?新邺大道与玉泉路交叉口东北侧（晴山蓝...,大宗钢铁惠山项目,
341,5b7f6ddde7986a2e106aaef1,[?梁溪?南长?]?南长街西侧（原南长医院）,新港商业投资南长区项目,
342,5b7f6ddde7986a2e106aaef2,[?滨湖?河埒?]?青祁路与展西路交叉口西北侧,滨湖城市投资公司青祁路项目,
343,5b7f6ddde7986a2e106aaef3,[?滨湖?太湖?]?立信大道与周新路交叉口东南侧,周新立信大道地块,
344,5b7f6ddde7986a2e106aaef4,[?滨湖?太湖?]?周新路与立信大道交叉口西南侧,龙湖周新路南侧地块,
345,5b7f6ddde7986a2e106aaef5,[?滨湖?太湖?]?状元路与学府路交叉口西南侧,信义许舍地块,
346,5b7f6ddde7986a2e106aaef6,[?惠山?阳山?]?东至阳山镇派出所，南至环山路,新太阳房产阳山项目,
347,5b7f6ddde7986a2e106aaef7,[?滨湖?蠡湖?]?中桥苏锡路207号（贡湖大道西侧）,耘林锡海珈苑项目,
348,5b7f6ddde7986a2e106aaef8,[?惠山?洛社?]?新城西路与中央路交叉口东南侧,华广新城西路地块,
349,5b7f6ddde7986a2e106aaef9,[?惠山?堰桥?]?规划行知路南、政和大道北,惠山新城置业政和大道北项目,
350,5b7f6ddde7986a2e106aaefa,[?滨湖?太湖?]?新城吴都路与贡湖大道交汇处（瑞禾桥北...,兰桂坊地块,
351,5b7f6ddde7986a2e106aaefb,[?滨湖?太湖?]?五湖大道东侧、周新路南侧、大通路北侧...,深航置业五湖大道东项目,
352,5b7f6ddde7986a2e106aaefc,[?滨湖?太湖?]?和风路与贡湖大道交汇处西北侧,新震泽秀水坊项目,
353,5b7f6ddde7986a2e106aaefd,[?滨湖?太湖?]?太湖新城立德道与规划道路,新震泽实业太湖新城项目,
354,5b7f6ddde7986a2e106aaefe,[?滨湖?马山?]?陆马公路与常乐路交叉口西北侧,房开集团陆马公路项目,
355,5b7f6ddde7986a2e106aaeff,[?梁溪?南长?]?南长街与港务路交叉口西南侧,万科下甸桥地块,
356,5b7f6ddde7986a2e106aaf00,[?惠山?洛社?]?站前北路西侧洛南大道北侧,洛社城建洛南大道项目,
357,5b7f6ddde7986a2e106aaf01,[?无锡周边?江阴?]?江锋路北侧，望江公园东侧,蔚蓝滨江,8888
358,5b7f6ddde7986a2e106aaf02,[?无锡周边?江阴?]?长山大道29号,绿城东方香樟公馆,
359,5b7f6ddde7986a2e106aaf03,[?宜兴?宜城?]?东鸫蟮烙肓潭路交叉处往南2公里,龙湖紫云台,600
360,5b7f6ddee7986a2e106aaf04,[?滨湖?蠡湖?]?蠡湖大道与湖滨路交叉口西侧,湖滨壹号,
361,5b7f6ddee7986a2e106aaf05,[?滨湖?太湖?]?观顺道，近方庙路,华府天地尊园,26000
362,5b7f6ddee7986a2e106aaf06,[?新吴?旺庄?]?锡兴路与泰山路交叉口西北侧（东鼎家园...,富力桃园,14000
363,5b7f6ddee7986a2e106aaf07,[?宜兴?宜城?]?太湖大道与学府东路交汇处,中梁壹号院,
364,5b7f6ddee7986a2e106aaf08,[?梁溪?南长?]?动力路,九龙仓玺园,
365,5b7f6ddee7986a2e106aaf09,[?锡山?锡东?]?锡东新城商务区山河路山河雅园80号,融创东方御园,
366,5b7f6ddee7986a2e106aaf0a,[?滨湖?太湖?]?高浪路与南湖大道交汇处,银城尚锦城,155
367,5b7f6ddee7986a2e106aaf0b,[?梁溪?北塘?]?广石路与凤翔路交汇处西侧(市北高中、...,富城湾,8500
368,5b7f6ddee7986a2e106aaf0c,[?新吴?旺庄?]?江华路与春华路交汇处（新之城乐购超市...,新城金郡,14000
369,5b7f6ddee7986a2e106aaf0d,[?新吴?江溪?]?春阳路与春合路交汇处,华宇观澜华府,8500
370,5b7f6ddee7986a2e106aaf0e,[?锡山?东亭?]?锡沪中路北、东亭中路东（锡山区政府向...,龙湖九墅,17000
371,5b7f6ddee7986a2e106aaf0f,[?惠山?堰桥?]?惠山大道1525号,华府庄园白金府邸,
372,5b7f6ddee7986a2e106aaf10,[?梁溪?南长?]?红星路28号（红星桥北侧）,天元世家,20000
373,5b7f6ddee7986a2e106aaf11,[?梁溪?北塘?]?品惠路近钱皋路,小天鹅品园,16000
374,5b7f6ddee7986a2e106aaf12,[?梁溪?崇安?]?锡沪路与江海路交叉口西北侧（江海街道...,红豆人民路九号,17000
375,5b7f6ddee7986a2e106aaf13,[?锡山?羊尖?]?育才路与新羊大道交汇处,御景华庭,290
376,5b7f6ddee7986a2e106aaf14,[?惠山?堰桥?]?西漳天一新街1号(旅游商贸学校旁),无锡阳光100国际新城,
377,5b7f6ddee7986a2e106aaf15,[?滨湖?太湖?]?滨湖区太湖新城观山路和瑞景道交界处（...,中海珑玺,16500
378,5b7f6ddee7986a2e106aaf16,[?新吴?旺庄?]?太湖大道南侧(春阳路与太湖大道交汇处...,花样年花郡,42
379,5b7f6ddee7986a2e106aaf17,[?惠山?玉祁?]?唐平路22号,东渡海韵艺墅香颂湾,6000
380,5b7f6ddee7986a2e106aaf18,[?梁溪?南长?]?通扬路与新光路交叉口南侧,复地源墅,500
381,5b7f6ddee7986a2e106aaf19,[?锡山?羊尖?]?育才南路22号,世纪嘉城,9000
382,5b7f6ddee7986a2e106aaf1a,[?梁溪?北塘?]?北塘区青石路与霞美路交叉口（交叉口东...,常发欧风新天地,9000
383,5b7f6ddee7986a2e106aaf1b,[?梁溪?崇安?]?广南路307号,月星国际,7000
384,5b7f6ddee7986a2e106aaf1c,[?惠山?洛社?]?石狮路101号,溪畔橡园,
385,5b7f6ddee7986a2e106aaf1d,[?惠山?阳山?]?陆区安阳山路(农贸市场东南面),桃园山庄,
386,5b7f6ddee7986a2e106aaf1e,[?滨湖?太湖?]?观顺道，近信成道,万科信成道,24000
387,5b7f6ddee7986a2e106aaf1f,[?梁溪?崇安?]?学前东路1288号(华东商贸城斜对面),银仁御墅花园,9500
388,5b7f6ddee7986a2e106aaf20,[?梁溪?北塘?]?盛岸路258号(二泉花园斜对面),蓉湖山水,9500
389,5b7f6ddee7986a2e106aaf21,[?惠山?长安?]?长安（长安社区内）,长安人家,6100
390,5b7f6ddee7986a2e106aaf22,[?滨湖?太湖?]?瑞景道与震泽路交汇处,水清木华,
391,5b7f6ddee7986a2e106aaf23,"[?惠山?玉祁?]?武玉路,近海瑞路",盈科花园,6000
392,5b7f6ddee7986a2e106aaf24,[?滨湖?马山?]?太湖国际旅游度假区（十里明珠堤西侧）,碧桂园玲珑湾,
393,5b7f6ddee7986a2e106aaf25,[?惠山?钱桥?]?钱桥大街北、育新路西,永利翡翠庄园,
394,5b7f6ddee7986a2e106aaf26,[?惠山?长安?]?长宁路62号,祥育苑,6500
395,5b7f6ddee7986a2e106aaf27,[?新吴?梅村?]?梅村街道锡贤路南，新洲路东,吴都金梅苑,6000
396,5b7f6ddee7986a2e106aaf28,[?滨湖?蠡湖?]?蠡湖大道与周新路交叉口西南侧(威尼斯...,保利香槟国际,11800
397,5b7f6ddee7986a2e106aaf29,[?梁溪?崇安?]?广瑞路与锡沪路交叉口(东北侧),弘阳上品,7400
398,5b7f6ddee7986a2e106aaf2a,[?锡山?锡东?]?新华路与锦安南路交界处（天一中学西侧...,无锡蓝光COCO蜜园,7500
399,5b7f6ddee7986a2e106aaf2b,[?惠山?堰桥?]?政和大道99号(乐购对面),复地公园城邦达令港,
400,5b7f6ddee7986a2e106aaf2c,[?锡山?东亭?]?学前东路与华夏路交叉口,春江花园三期,
401,5b7f6ddee7986a2e106aaf2d,[?滨湖?河埒?]?建筑路与隐秀路交叉口,瑜憬湾花园,
402,5b7f6ddee7986a2e106aaf2e,[?惠山?堰桥?]?惠山大道惠山大桥北（惠山大道与金惠路...,绿地波士顿公馆,
403,5b7f6ddee7986a2e106aaf2f,[?滨湖?蠡湖?]?山水东路105号（湖玺庄园斜对面）,太湖畔山庄园,488
404,5b7f6ddee7986a2e106aaf30,[?锡山?东港?]?东升路西、阳光路南,红豆尚东院,
405,5b7f6ddee7986a2e106aaf31,[?梁溪?北塘?]?凤翔路与青石西路交叉口北侧(维也纳大...,正祥梧桐水岸,7500
406,5b7f6ddee7986a2e106aaf32,[?梁溪?北塘?]?锡澄路222号(锡澄路与锡沪西路交汇处，...,元一蔚蓝观邸,
407,5b7f6ddee7986a2e106aaf33,[?锡山?八士?]?团结路与锡港路交汇处,鸿景华庭,3600
408,5b7f6ddee7986a2e106aaf34,[?新吴?硕放?]?通祥路(通祥路与南星路交界处，上海华...,空港一号,
409,5b7f6ddee7986a2e106aaf35,[?锡山?东港?]?锡港路与健康路交汇处西北侧（红豆股份...,红豆城市广场,
410,5b7f6ddee7986a2e106aaf36,[?新吴?旺庄?]?长江北路(长江北路与旺庄路交汇处),润泽东都二期宽域,
411,5b7f6ddee7986a2e106aaf37,[?梁溪?北塘?]?惠钱路与惠峰路交汇处（内环惠山隧道口...,中锐海尚映象,
412,5b7f6ddee7986a2e106aaf38,[?惠山?洛社?]?杨市园大街与钢铁路交汇处,金茂杨墅园,5400
413,5b7f6ddee7986a2e106aaf39,[?梁溪?崇安?]?人民路与广瑞路的交汇处(无锡广播电视...,常工城尚城,
414,5b7f6ddee7986a2e106aaf3a,[?滨湖?太湖?]?蠡湖大道与吴都路交汇处,融绿星光广场,8000
415,5b7f6ddee7986a2e106aaf3b,[?惠山?堰桥?]?西漳老街西侧（西漳社区旁）,银河湾紫苑,
416,5b7f6ddee7986a2e106aaf3c,[?新吴?江溪?]?长江北路和金城路的交汇处,朗诗天萃,16000
417,5b7f6ddee7986a2e106aaf3d,[?滨湖?太湖?]?蠡湖大道与周新西路交汇处,太湖国际社区,10500
418,5b7f6ddee7986a2e106aaf3e,[?滨湖?太湖?]?太湖街道周新中路88号（五湖大道和观山...,融科玖玖城,
419,5b7f6ddee7986a2e106aaf3f,[?滨湖?河埒?]?梁溪路6号(梁溪路与蠡溪路口西南侧),富安华庭,
420,5b7f6ddfe7986a2e106aaf40,[?梁溪?南长?]?永乐路与通扬路交汇处（新天地休闲广场...,永通公馆,
421,5b7f6ddfe7986a2e106aaf41,[?锡山?东亭?]?新明路59号(天一中学北面),首创隽府,
422,5b7f6ddfe7986a2e106aaf42,[?梁溪?北塘?]?北塘区石门路西侧（原山北小学所在地）,明鸿春晓,82
423,5b7f6ddfe7986a2e106aaf43,[?新吴?旺庄?]?旺庄东路199-12号,新都会花园铂金公馆,
424,5b7f6ddfe7986a2e106aaf44,[?锡山?安镇?]?镇北路与鑫安路交汇处,和泽佳苑,
425,5b7f6ddfe7986a2e106aaf45,[?滨湖?蠡湖?]?蠡溪路近中南西路,蠡湖香榭,
426,5b7f6ddfe7986a2e106aaf46,[?惠山?堰桥?]?华惠路与惠绿路交汇处,融绿理想湾,
427,5b7f6ddfe7986a2e106aaf47,[?惠山?堰桥?]?欣惠路,天力百好锦园,
428,5b7f6ddfe7986a2e106aaf48,[?惠山?洛社?]?洛社新城洛城大道雅中路,洛城橙郡,
429,5b7f6ddfe7986a2e106aaf49,[?新吴?新安?]?湖景路与净慧西道交叉口(无锡太湖国际...,龙湖滟澜山,
430,5b7f6ddfe7986a2e106aaf4a,[?惠山?堰桥?]?西漳天一新街7号,天池湾,7000
431,5b7f6ddfe7986a2e106aaf4b,[?梁溪?南长?]?南长街688号（南长街与金城路的交叉路...,古韵坊,250
432,5b7f6ddfe7986a2e106aaf4c,[?梁溪?南长?]?学前东路北侧塘南路西侧,星海公馆,
433,5b7f6ddfe7986a2e106aaf4d,[?惠山?堰桥?]?政和大道300号（政和大道和惠源路交汇...,天力正和花园,
434,5b7f6ddfe7986a2e106aaf4e,[?惠山?前洲?]?锡玉路,星洲名园,
435,5b7f6ddfe7986a2e106aaf4f,[?惠山?堰桥?]?惠山区惠山新城惠山大道金惠路交界处（...,融创理想城市,
436,5b7f6ddfe7986a2e106aaf50,[?梁溪?北塘?]?凤宾路与民丰路交汇处(北塘区行政中心...,盛世新城,
437,5b7f6ddfe7986a2e106aaf51,[?新吴?梅村?]?锡义路西梅花园15-18（泰伯大道与新韵...,香格梅里公馆,
438,5b7f6ddfe7986a2e106aaf52,[?锡山?东亭?]?锡沪路与东亭路交汇处,华夏春晓,
439,5b7f6ddfe7986a2e106aaf53,[?惠山?玉祁?]?唐平大道与振祁路交汇处（薛暮桥故居）,宝龙湖畔花城,
440,5b7f6ddfe7986a2e106aaf54,[?滨湖?湖滨路?]?锡南路216-3号（东绛中学对面）,世家名门,
441,5b7f6ddfe7986a2e106aaf55,[?滨湖?河埒?]?梁溪路800-2号(鸿桥路与大池路交叉口西...,山语银城,
442,5b7f6ddfe7986a2e106aaf56,[?梁溪?崇安?]?靖海公园斜对面,金科观天下,
443,5b7f6ddfe7986a2e106aaf57,[?惠山?堰桥?]?文惠路31号（政和大道与惠源路东交汇处...,百大春城,
444,5b7f6ddfe7986a2e106aaf58,[?锡山?锡北?]?镇泾西村（西北村中心幼儿园背后）,泾秀苑,
445,5b7f6ddfe7986a2e106aaf59,[?滨湖?马山?]?银湖路和环港路交叉路口,湖山湾家园,8250
446,5b7f6ddfe7986a2e106aaf5a,[?滨湖?太湖?]?滨湖区太湖新城金融一街10号楼（市民中...,无锡金融中心,17000
447,5b7f6ddfe7986a2e106aaf5b,[?滨湖?河埒?]?滨湖区梁清路（梁清路与蠡溪路交界处）,阳光嘉园,
448,5b7f6ddfe7986a2e106aaf5c,[?滨湖?马山?]?振胡路与环镇北路交汇处,凡尔赛庄园,
449,5b7f6ddfe7986a2e106aaf5d,[?新吴?坊前?]?行创六路7号(欧际风情广场西侧),星尚国际公寓,
450,5b7f6de0e7986a2e106aaf5e,[?锡山?锡北?]?镇泾西村（西北村中心幼儿园背后）,泾秀苑,
451,5b7f6de0e7986a2e106aaf5f,[?锡山?羊尖?]?锡山区羊尖镇神羊路东、育才路北（玉祁...,学府小区,
452,5b7f6de0e7986a2e106aaf60,[?梁溪?南长?]?清扬路26号（文隆大厦旁）,天诚大厦,
453,5b7f6de0e7986a2e106aaf61,[?滨湖?太湖?]?新市民中心东侧(观山路与瑞景道交叉口...,朗诗太湖绿郡,
454,5b7f6de0e7986a2e106aaf62,[?滨湖?太湖?]?信成道与闪溪河交汇处,中锐琅石名筑,24000
455,5b7f6de0e7986a2e106aaf63,"[?新吴?梅村?]?新韵北路,近锡贤路",碧桂园梅公馆,220
456,5b7f6de0e7986a2e106aaf64,[?新吴?新安?]?华谊路与具区路交叉口东北角,领秀琥珀澜湾,
457,5b7f6de0e7986a2e106aaf65,[?新吴?梅村?]?锡义西路，近新洲路,万科维园,15000
458,5b7f6de0e7986a2e106aaf66,[?锡山?东亭?]?锡沪路与云林路交叉口,蓝光五彩城,14000
459,5b7f6de0e7986a2e106aaf67,[?滨湖?蠡湖?]?中南西路蠡溪路交汇处西南侧,路劲天御,
460,5b7f6de0e7986a2e106aaf68,[?梁溪?南长?]?健康路与开源大桥交汇处向东120米（运...,银城京梁合,25000
461,5b7f6de0e7986a2e106aaf69,[?锡山?锡东?]?锡东大道与兴越路交汇处,景瑞望府,
462,5b7f6de0e7986a2e106aaf6a,[?梁溪?崇安?]?人民西路148号（无锡市一中东侧）,香榭一品,20000
463,5b7f6de0e7986a2e106aaf6b,[?滨湖?蠡湖?]?青祁路溪南路路口(新体育中心对面),蓝庭国际,16000
464,5b7f6de0e7986a2e106aaf6c,[?新吴?旺庄?]?内环线东中央公园南侧（锡士路与江华路...,融侨观邸,
465,5b7f6de0e7986a2e106aaf6d,[?惠山?堰桥?]?西漳天一新街8号（近凤翔路）,沁春园,12000
466,5b7f6de0e7986a2e106aaf6e,[?滨湖?太湖?]?信成道和大通路交叉口东北侧,万科海上传奇,
467,5b7f6de0e7986a2e106aaf6f,[?惠山?钱桥?]?盛岸西路(盛岸西路与洛藕路交汇处),盛世翡翠,7500
468,5b7f6de0e7986a2e106aaf70,[?滨湖?太湖?]?渔港路111号（渔港路与望湖路交界处）,无锡太湖锦绣园,3500
469,5b7f6de0e7986a2e106aaf71,[?惠山?堰桥?]?金惠路，近锡澄路,嘉盛维纳阳光,11000
470,5b7f6de0e7986a2e106aaf72,[?惠山?洛社?]?洛社镇洛城大道102号,洛城悦湖,
471,5b7f6de0e7986a2e106aaf73,[?滨湖?马山?]?国家旅游度假区七里风光堤99号（灵山胜...,灵山元一天邑,400
472,5b7f6de0e7986a2e106aaf74,[?锡山?鹅湖?]?锡甘公路西、新园路南、新杨路东,鹅湖一号,6800
473,5b7f6de0e7986a2e106aaf75,[?滨湖?蠡湖?]?蠡湖大道(蠡湖大道与高浪路交汇处),融创熙园,
474,5b7f6de0e7986a2e106aaf76,[?梁溪?南长?]?清扬路208号,清扬御庭,
475,5b7f6de0e7986a2e106aaf77,[?梁溪?北塘?]?锡沪西路128号（梨庄华美达酒店对面）,世茂首府,
476,5b7f6de0e7986a2e106aaf78,[?滨湖?马山?]?山水西路三国城向南1000米（幸福水库旁...,容庄,
477,5b7f6de0e7986a2e106aaf79,[?滨湖?太湖?]?五湖大道和高浪路交岔口东南侧,融科玖瑞尚城,
478,5b7f6de0e7986a2e106aaf7a,[?锡山?东北塘?]?东亭北路与春塘路交汇处西南侧,融科玖御半岛,
479,5b7f6de0e7986a2e106aaf7b,[?新吴?新安?]?无锡太科园宁嘉路与运河西路交汇处（朗...,朗诗绿卡小镇,
480,5b7f6de1e7986a2e106aaf7c,[?惠山?洛社?]?上伟路与藕中路交叉口东南侧,洋溪绿园,
481,5b7f6de1e7986a2e106aaf7d,[?惠山?洛社?]?洛城大道102号,洛城水韵花园,
482,5b7f6de1e7986a2e106aaf7e,[?惠山?洛社?]?人民南路128号,天奇馨城,365
483,5b7f6de1e7986a2e106aaf7f,[?惠山?堰桥?]?天翔路18号,无锡缤悦湾电商公寓,8000
484,5b7f6de1e7986a2e106aaf80,[?梁溪?南长?]?太湖大道与塘南路交汇处（祝大春故居旁...,九龙仓时代上河,
485,5b7f6de1e7986a2e106aaf81,[?滨湖?太湖?]?蠡湖大道与高浪路交叉口,博大摩登1930街区,
486,5b7f6de1e7986a2e106aaf82,[?锡山?东港?]?锡山区东港镇怀仁中学西,红豆清华苑,8200
487,5b7f6de1e7986a2e106aaf83,[?梁溪?南长?]?南长街上（人民医院东面）,清扬康臣,14500
488,5b7f6de1e7986a2e106aaf84,[?滨湖?河埒?]?梁溪路与青山西路交汇处,荣御华府,
489,5b7f6de1e7986a2e106aaf85,[?新吴?硕放?]?通祥路77号（通祥路与盈发路交汇处）,瑞港商业广场,16000
490,5b7f6de1e7986a2e106aaf86,[?梁溪?崇安?]?广瑞路1288号（江海路与广瑞路交汇处）,新联钢大厦,6200
491,5b7f6de1e7986a2e106aaf87,[?梁溪?崇安?]?中山路531号（胜利门广场西侧）,红豆国际广场,23000
492,5b7f6de1e7986a2e106aaf88,[?新吴?梅村?]?新区新华路与金城东路交汇处,启迪清枫华景,6700
493,5b7f6de1e7986a2e106aaf89,[?梁溪?崇安?]?锡沪路与江海路交叉口西北侧(江海街道...,红星国际广场,
494,5b7f6de1e7986a2e106aaf8a,[?滨湖?蠡湖?]?蠡湖大道与隐秀路交界处（金福路9号）,西上海华府天地,12000
495,5b7f6de1e7986a2e106aaf8b,[?梁溪?崇安?]?锡沪路与惠勤路交汇处,无锡世茂国际广场,8300
496,5b7f6de1e7986a2e106aaf8c,[?惠山?堰桥?]?政和大道299号(政和大道与和惠山大道交...,奥林匹克花园,
497,5b7f6de1e7986a2e106aaf8d,[?新吴?旺庄?]?新区珠江路与旺庄路交汇处（旺庄路以南...,新城尚东区,7200
498,5b7f6de1e7986a2e106aaf8e,[?锡山?东亭?]?学前东路与东亭路交汇处,东城中央府,
499,5b7f6de1e7986a2e106aaf8f,[?新吴?江溪?]?新区长江北路哥伦布广场南侧,保利中央公园,182
500,5b7f6de1e7986a2e106aaf90,[?新吴?新安?]?震泽大桥南匝道与运河西路交汇处,朗诗绿色街区,11800
501,5b7f6de1e7986a2e106aaf91,[?梁溪?北塘?]?青石路518号,金太湖国际城,
502,5b7f6de1e7986a2e106aaf92,[?锡山?安镇?]?东兴路与锡东大道交汇处,冠达豪景东苑,
503,5b7f6de1e7986a2e106aaf93,[?滨湖?太湖?]?无锡市滨湖区五湖大道和观山路交界处（...,融科玖玖派,
504,5b7f6de1e7986a2e106aaf94,[?梁溪?北塘?]?北塘区青石路与风宾路交汇处,苏宁天御广场,
505,5b7f6de1e7986a2e106aaf95,[?锡山?八士?]?八文路、尚品路交叉口,华夏青城,
506,5b7f6de1e7986a2e106aaf96,[?锡山?羊尖?]?锡沪路与东环线的交界,明瑞花园,5600
507,5b7f6de1e7986a2e106aaf97,[?锡山?锡东?]?润锡中路与山河路交汇处,龙湖九里香醍,340
508,5b7f6de1e7986a2e106aaf98,[?锡山?东亭?]?新明路27号,中大诺卡小镇,
509,5b7f6de1e7986a2e106aaf99,[?梁溪?北塘?]?兴源路春申路交叉口（三院对面）,华仁凤凰城,9500
510,5b7f6de1e7986a2e106aaf9a,[?惠山?钱桥?]?盛岸西路与藕塘大道交汇处,苹果园幸福城,150
511,5b7f6de1e7986a2e106aaf9b,[?滨湖?太湖?]?信成道与观山路交汇处（迪卡侬斜对面）,融创瑷颐湾,
512,5b7f6de1e7986a2e106aaf9c,[?惠山?洛社?]?洛社新城雅中路与校园路交叉口东南侧,洛城英伦郡,9500
513,5b7f6de1e7986a2e106aaf9d,[?锡山?锡北?]?泾声路、泉山路交汇处,泉山荣邸,7000
514,5b7f6de1e7986a2e106aaf9e,[?锡山?东港?]?锡港西路与兴港路交汇处,港悦华府,310
515,5b7f6de1e7986a2e106aaf9f,[?惠山?洛社?]?人民南路128号,天奇馨城,365
516,5b7f6de1e7986a2e106aafa0,[?梁溪?南长?]?太湖大道与塘南路交汇处（祝大春故居旁...,九龙仓时代上河,
517,5b7f6de1e7986a2e106aafa1,[?滨湖?河埒?]?梁溪路与青山西路交汇处,荣御华府,
518,5b7f6de1e7986a2e106aafa2,[?梁溪?崇安?]?广瑞路1288号（江海路与广瑞路交汇处）,新联钢大厦,6200
519,5b7f6de1e7986a2e106aafa3,[?梁溪?崇安?]?中山路531号（胜利门广场西侧）,红豆国际广场,23000
520,5b7f6de1e7986a2e106aafa4,[?滨湖?蠡湖?]?蠡湖大道与隐秀路交界处（金福路9号）,西上海华府天地,12000
521,5b7f6de1e7986a2e106aafa5,[?梁溪?崇安?]?锡沪路与惠勤路交汇处,无锡世茂国际广场,8300
522,5b7f6de1e7986a2e106aafa6,[?惠山?堰桥?]?政和大道299号(政和大道与和惠山大道交...,奥林匹克花园,
523,5b7f6de1e7986a2e106aafa7,[?新吴?旺庄?]?新区珠江路与旺庄路交汇处（旺庄路以南...,新城尚东区,7200
524,5b7f6de1e7986a2e106aafa8,[?锡山?东亭?]?学前东路与东亭路交汇处,东城中央府,
525,5b7f6de1e7986a2e106aafa9,[?新吴?新安?]?震泽大桥南匝道与运河西路交汇处,朗诗绿色街区,11800
526,5b7f6de1e7986a2e106aafaa,[?梁溪?北塘?]?青石路518号,金太湖国际城,
527,5b7f6de1e7986a2e106aafab,[?滨湖?太湖?]?无锡市滨湖区五湖大道和观山路交界处（...,融科玖玖派,
528,5b7f6de1e7986a2e106aafac,[?锡山?羊尖?]?锡沪路与东环线的交界,明瑞花园,5600
529,5b7f6de1e7986a2e106aafad,[?梁溪?北塘?]?兴源路春申路交叉口（三院对面）,华仁凤凰城,9500
530,5b7f6de1e7986a2e106aafae,[?新吴?江溪?]?新区长江北路与太湖大道交汇处（原东方...,金科财富商业广场,16000
531,5b7f6de1e7986a2e106aafaf,[?新吴?鸿山?]?新区鸿山镇锦宅路8号(鸿山镇锦鸿路与鸿...,君域豪庭,5500
532,5b7f6de1e7986a2e106aafb0,[?新吴?梅村?]?泰伯大道、梅西路交叉口西南侧,美满锦园,6800
533,5b7f6de1e7986a2e106aafb1,[?梁溪?南长?]?南禅寺商城南片二期工程紫金广场,南禅寺紫金广场,
534,5b7f6de1e7986a2e106aafb2,[?锡山?锡北?]?振新路12号(八士房地产开发有限公司以...,佰仕苑,
535,5b7f6de1e7986a2e106aafb3,[?锡山?安镇?]?锡锡沪路与春风路交叉口东北侧,紫金新城,
536,5b7f6de1e7986a2e106aafb4,[?锡山?东亭?]?华夏路与新明路的交汇处,蔚未来,
537,5b7f6de1e7986a2e106aafb5,[?滨湖?河埒?]?青祁路与大池路交汇处（河埒口市民广场...,紫金英郡,
538,5b7f6de1e7986a2e106aafb6,[?惠山?洛社?]?东为洛城大道，北为新盛路,洛城悦湖国际,
539,5b7f6de1e7986a2e106aafb7,[?惠山?洛社?]?杨市园大街128号,书香桃苑,
540,5b7f6de2e7986a2e106aafb8,[?新吴?江溪?]?长江北路265-10号(百安居北侧),宝盛钻石半岛,
541,5b7f6de2e7986a2e106aafb9,[?梁溪?崇安?]?上马墩振奋路88号（江海新村旁）,合鑫广场,
542,5b7f6de2e7986a2e106aafba,[?梁溪?南长?]?清扬路与清名路交界(太湖广场南侧),茂业豪园,
543,5b7f6de2e7986a2e106aafbb,[?梁溪?崇安?]?广益路与江海东路交汇处（五洲・中华美...,五洲・香缤公寓,
544,5b7f6de2e7986a2e106aafbc,[?宜兴?宜城?]?荆溪中桥南堍（宜兴财政局对面）,恒基誉珑岛,
545,5b7f6de2e7986a2e106aafbd,[?新吴?江溪?]?江溪路28号（新区中央公园对面）,金科公寓,
546,5b7f6de2e7986a2e106aafbe,[?新吴?江溪?]?江海东路和新光路交汇处向北200米（雷...,博客山,
547,5b7f6de2e7986a2e106aafbf,[?宜兴?宜城?]?枫隐路以东，巷头东路以南，东鸫蟮酪...,誉珑湖滨,
548,5b7f6de2e7986a2e106aafc0,[?惠山?钱桥?]?惠钱路北、市华顺食品公司西,龙韵怡景苑,
549,5b7f6de2e7986a2e106aafc1,[?新吴?江溪?]?前进路近前卫路,金轮星光名座生活广场,8000
550,5b7f6de2e7986a2e106aafc2,[?滨湖?太湖?]?吴都路南侧、贡湖大道东侧、南湖大道西...,中海凤凰熙岸住宅,18000
551,5b7f6de2e7986a2e106aafc3,[?滨湖?太湖?]?新市民中心东侧(观山路与瑞景道交叉口...,朗诗太湖绿郡,
552,5b7f6de2e7986a2e106aafc4,[?滨湖?太湖?]?信成道与闪溪河交汇处,中锐琅石名筑,24000
553,5b7f6de2e7986a2e106aafc5,[?惠山?洛社?]?新城东路与新盛路交汇处,洛城雅园,9588
554,5b7f6de2e7986a2e106aafc6,"[?新吴?梅村?]?新韵北路,近锡贤路",碧桂园梅公馆,220
555,5b7f6de2e7986a2e106aafc7,[?新吴?梅村?]?锡义路(锡义路与梅西路交界),花半里,
556,5b7f6de2e7986a2e106aafc8,[?新吴?新安?]?华谊路与具区路交叉口东北角,领秀琥珀澜湾,
557,5b7f6de2e7986a2e106aafc9,[?新吴?梅村?]?锡义西路，近新洲路,万科维园,15000
558,5b7f6de2e7986a2e106aafca,[?锡山?东亭?]?锡沪路与云林路交叉口,蓝光五彩城,14000
559,5b7f6de2e7986a2e106aafcb,[?滨湖?蠡湖?]?中南西路蠡溪路交汇处西南侧,路劲天御,
560,5b7f6de2e7986a2e106aafcc,[?梁溪?南长?]?健康路与开源大桥交汇处向东120米（运...,银城京梁合,25000
561,5b7f6de2e7986a2e106aafcd,[?滨湖?太湖?]?观山路与贡湖大道交口处东南侧,雅居乐中央府,16500
562,5b7f6de2e7986a2e106aafce,[?锡山?锡东?]?锡东大道与兴越路交汇处,景瑞望府,
563,5b7f6de2e7986a2e106aafcf,[?梁溪?崇安?]?人民西路148号（无锡市一中东侧）,香榭一品,20000
564,5b7f6de2e7986a2e106aafd0,[?锡山?锡东?]?锡东高铁站商务区新华路北、润锡路东，...,无锡碧桂园,16000
565,5b7f6de2e7986a2e106aafd1,[?滨湖?太湖?]?高浪路与立信大道的交汇处(金匮公园西...,绿城玉兰花园,
566,5b7f6de2e7986a2e106aafd2,[?滨湖?蠡湖?]?青祁路溪南路路口(新体育中心对面),蓝庭国际,16000
567,5b7f6de2e7986a2e106aafd3,[?新吴?旺庄?]?内环线东中央公园南侧（锡士路与江华路...,融侨观邸,
568,5b7f6de2e7986a2e106aafd4,[?锡山?锡东?]?东至润锡中路、南临丹山路、西至迎安路...,中隆广场住宅,
569,5b7f6de2e7986a2e106aafd5,[?惠山?堰桥?]?西漳天一新街8号（近凤翔路）,沁春园,12000
570,5b7f6de3e7986a2e106aafd6,[?滨湖?河埒?]?湖滨路11号(原无锡机床厂),万科金域蓝湾,20000
571,5b7f6de3e7986a2e106aafd7,[?滨湖?河埒?]?湖滨路与梁溪河交汇处（仙蠡墩公园北侧...,中建城中墅,35000
572,5b7f6de3e7986a2e106aafd8,[?滨湖?太湖?]?信成道和大通路交叉口东北侧,万科海上传奇,
573,5b7f6de3e7986a2e106aafd9,[?梁溪?崇安?]?广南立交东北侧,东方丽晶,600
574,5b7f6de3e7986a2e106aafda,[?惠山?钱桥?]?盛岸西路(盛岸西路与洛藕路交汇处),盛世翡翠,7500
575,5b7f6de3e7986a2e106aafdb,[?新吴?江溪?]?机场路133号（江溪港以东、机场路以西...,多友嘉悦中心,8000
576,5b7f6de3e7986a2e106aafdc,[?滨湖?太湖?]?渔港路111号（渔港路与望湖路交界处）,无锡太湖锦绣园,3500
577,5b7f6de3e7986a2e106aafdd,"[?惠山?玉祁?]?湖西路,近玉洁路",乙画苑,5500
578,5b7f6de3e7986a2e106aafde,[?惠山?堰桥?]?金惠路，近锡澄路,嘉盛维纳阳光,11000
579,5b7f6de3e7986a2e106aafdf,[?惠山?洛社?]?洛社镇洛城大道102号,洛城悦湖,
580,5b7f6de3e7986a2e106aafe0,[?梁溪?崇安?]?锡沪东路2号（广益名品城旁）,锡沪家艺中心,40
581,5b7f6de3e7986a2e106aafe1,[?滨湖?马山?]?国家旅游度假区七里风光堤99号（灵山胜...,灵山元一天邑,400
582,5b7f6de3e7986a2e106aafe2,[?惠山?钱桥?]?钱桥大街99号,金龙中心广场,7500
583,5b7f6de3e7986a2e106aafe3,[?锡山?安镇?]?锡沪路与春风路交汇处,华仁凤凰郡,13500
584,5b7f6de3e7986a2e106aafe4,[?梁溪?南长?]?太湖大道以北、金星路以南（运河西路以...,金桂尚苑,15000
585,5b7f6de3e7986a2e106aafe5,[?锡山?鹅湖?]?锡甘公路西、新园路南、新杨路东,鹅湖一号,6800
586,5b7f6de3e7986a2e106aafe6,[?惠山?堰桥?]?惠山大道与华惠路交汇处,绿地悦澜湾,10500
587,5b7f6de3e7986a2e106aafe7,[?新吴?新安?]?具区路与净慧西道交汇处向南50米,国信观湖湾,9800
588,5b7f6de3e7986a2e106aafe8,[?滨湖?蠡湖?]?蠡湖大道(蠡湖大道与高浪路交汇处),融创熙园,
589,5b7f6de3e7986a2e106aafe9,[?梁溪?南长?]?清扬路208号,清扬御庭,
590,5b7f6de3e7986a2e106aafea,[?梁溪?北塘?]?锡沪西路128号（梨庄华美达酒店对面）,世茂首府,
591,5b7f6de3e7986a2e106aafeb,[?滨湖?马山?]?山水西路三国城向南1000米（幸福水库旁...,容庄,
592,5b7f6de3e7986a2e106aafec,[?滨湖?太湖?]?五湖大道和高浪路交岔口东南侧,融科玖瑞尚城,
593,5b7f6de3e7986a2e106aafed,[?新吴?江溪?]?商务核心区江溪路28号，金城东路与锡士...,金科米兰米兰,
594,5b7f6de3e7986a2e106aafee,[?新吴?鸿山?]?鸿运路35号(欣鸿路与鸿运路交汇处),嘉友水岸观邸,148
595,5b7f6de3e7986a2e106aafef,[?锡山?东北塘?]?东亭北路与春塘路交汇处西南侧,融科玖御半岛,
596,5b7f6de3e7986a2e106aaff0,[?新吴?新安?]?无锡太科园宁嘉路与运河西路交汇处（朗...,朗诗绿卡小镇,
597,5b7f6de3e7986a2e106aaff1,[?梁溪?南长?]?南长街与滨水路交叉口,万科润园,15000
598,5b7f6de3e7986a2e106aaff2,[?滨湖?河埒?]?建筑路与北华路交叉口西南角（大统华超...,金辉梁溪原筑,9306
599,5b7f6de3e7986a2e106aaff3,[?新吴?江溪?]?前卫路以东、江海路以西、江溪路以北,长江国际二期,10000
600,5b7f6de4e7986a2e106aaff4,[?惠山?钱桥?]?锡陆路与新业大道交汇处,中富美林湖四期,
601,5b7f6de4e7986a2e106aaff5,[?滨湖?河埒?]?青山西路与大池路交界处(河埒口市民广...,金洋御山前,13000
602,5b7f6de4e7986a2e106aaff6,[?新吴?旺庄?]?金城东路299号(与纺城大道交汇处,五米阳光二期,
603,5b7f6de4e7986a2e106aaff7,[?新吴?新安?]?净慧西道与具区路的交界处,龙湖时代星座loft,6000
604,5b7f6de4e7986a2e106aaff8,[?锡山?安镇?]?锡东大道与安结一路交汇处,华夏名都,
605,5b7f6de4e7986a2e106aaff9,[?新吴?江溪?]?上伟路太湖大道与长江路交汇处东北侧（...,奕翔国际公寓,
606,5b7f6de4e7986a2e106aaffa,[?梁溪?北塘?]?盛岸路248号(盛岸路与凤翔路交界西北面...,蓉湖壹号,
607,5b7f6de4e7986a2e106aaffb,[?新吴?江溪?]?锡兴路与金城东路交叉口西北侧,新城乐天街,
608,5b7f6de4e7986a2e106aaffc,[?滨湖?蠡湖?]?山水西路8号（唐城旁）,山水路8号,
609,5b7f6de4e7986a2e106aaffd,[?滨湖?河埒?]?建筑路南侧(建筑路与鸿桥路交汇处),中锐隽苑,
610,5b7f6de4e7986a2e106aaffe,[?梁溪?崇安?]?广益路9号(月星家居东北方向),金科新大陆,
611,5b7f6de4e7986a2e106aafff,[?新吴?梅村?]?锡义路200-75号,香梅人家,
612,5b7f6de4e7986a2e106ab000,[?新吴?江溪?]?太湖大道2008号（春阳路与太湖大道交汇...,中邦城市花园,6200
613,5b7f6de4e7986a2e106ab001,[?新吴?江溪?]?长江北路155号(长江北路与金城路交界处...,MARK铭城花园,
614,5b7f6de4e7986a2e106ab002,[?锡山?羊尖?]?锡沪路(羊尖段)与神羊路交汇处,羊尖五洲国际广场,4000
615,5b7f6de4e7986a2e106ab003,[?新吴?鸿山?]?新区鸿山路99号(锡甘路与鸿山路交汇处...,金润华庭,
616,5b7f6de4e7986a2e106ab004,[?梁溪?崇安?]?通江大道东侧爱家金河湾商业街营销中心...,爱家金河湾,
617,5b7f6de4e7986a2e106ab005,[?惠山?堰桥?]?政和大道99号,复地澜湾,
618,5b7f6de4e7986a2e106ab006,[?惠山?前洲?]?惠山区前洲中心路与兴业路交汇处（肯德...,宏润阳光城,
619,5b7f6de4e7986a2e106ab007,[?锡山?羊尖?]?锡沪路与神羊路交汇处,五洲幸福湾,
620,5b7f6de4e7986a2e106ab008,[?惠山?堰桥?]?吴韵路和政和大道交界处,万达中央公馆,
621,5b7f6de4e7986a2e106ab009,[?惠山?堰桥?]?政和大道298号,金都花园,8500
622,5b7f6de4e7986a2e106ab00a,[?滨湖?河埒?]?建筑路与蠡溪路交叉口(家乐福超市旁),奥林花园,
623,5b7f6de4e7986a2e106ab00b,[?惠山?钱桥?]?钱藕路龙栖湾一号(龙栖湾小区旁),优佳家,
624,5b7f6de4e7986a2e106ab00c,[?滨湖?太湖?]?蠡湖大道与观山路交汇处,融创花溪美墅,
625,5b7f6de4e7986a2e106ab00d,[?惠山?堰桥?]?政和大道198号,赛维拉融域,6800
626,5b7f6de4e7986a2e106ab00e,[?惠山?堰桥?]?政和大道以南欣惠路以北吴韵路以西（惠...,惠山万达广场,
627,5b7f6de4e7986a2e106ab00f,[?滨湖?太湖?]?裕丰新村1号(原南泉健康中心),湖堤漫步,
628,5b7f6de4e7986a2e106ab010,[?惠山?堰桥?]?惠山大道1528,绿地派克庄园,
629,5b7f6de4e7986a2e106ab011,[?梁溪?崇安?]?锡沪路、广南路、广益路3路交汇处,月星国际大厦,
630,5b7f6de4e7986a2e106ab012,[?新吴?坊前?]?金城东路299号（与纺城大道交汇处）,五洲国际工业博览城,
631,5b7f6de4e7986a2e106ab013,[?锡山?鹅湖?]?甘西路与锡甘路交叉口西南侧,鑫泰苑,4980
632,5b7f6de4e7986a2e106ab014,[?惠山?阳山?]?人民路和洛新路交叉口东北侧,优博园,
633,5b7f6de4e7986a2e106ab015,[?梁溪?北塘?]?梁溪区凤宾路民丰路交汇处,盛唐乐享城写字楼,
634,5b7f6de4e7986a2e106ab016,[?梁溪?崇安?]?锡沪路437号（华厦家居港正对面）,创富商务广场,
635,5b7f6de4e7986a2e106ab017,[?滨湖?蠡湖?]?滨湖区隐秀路813号（隐秀路与太湖大道...,花样年喜年中心,33
636,5b7f6de4e7986a2e106ab018,[?新吴?江溪?]?长江北路与宏源路交汇处（欧尚超市南面...,新区哥伦布广场,7000
637,5b7f6de4e7986a2e106ab019,[?锡山?东亭?]?锡沪中路北、东亭中路东(锡山区政府向...,锡山龙湖星悦荟,
638,5b7f6de4e7986a2e106ab01a,[?锡山?锡北?]?泾声路与润泉路交汇处,锡北星天地,
639,5b7f6de4e7986a2e106ab01b,[?新吴?坊前?]?锡士路与泰山路交汇处(新区国际学校南...,华芳东鼎世纪,
640,5b7f6de4e7986a2e106ab01c,[?惠山?堰桥?]?惠山大道与金惠路交汇处,高力惠山1号,
641,5b7f6de4e7986a2e106ab01d,[?宜兴?宜城?]?兴业路与龙池路交叉口西北侧,荆溪人家,
642,5b7f6de4e7986a2e106ab01e,[?锡山?羊尖?]?羊尖镇锡沪路,五洲・幸福湾,
643,5b7f6de4e7986a2e106ab01f,[?宜兴?宜城?]?宜兴市团九南路南侧,香港城,
644,5b7f6de4e7986a2e106ab020,[?锡山?锡北?]?锡北镇泾达北路,金东商业街,
645,5b7f6de4e7986a2e106ab021,[?锡山?东亭?]?学前东路与华夏南路交界处（乐购超市西...,翠堤春花园,
646,5b7f6de4e7986a2e106ab022,[?锡山?东亭?]?二泉路与华夏路交叉口,金锡财富广场,
